sender id,message id,annotation,confidence,count,added at,reviewed
A92891n389182,29123898192,frustrated,0.982182,2,6/16/2022 18:33:30,FALSE
A92891n389182,12787812,converted,0.1828121,1,6/16/2022 18:33:30,TRUE